{
    "1": {
        "depends_on": [],
        "id": 1,
        "neighbors": {
            "back": [
                2
            ],
            "bottom": [],
            "front": [],
            "left": [],
            "right": [
                17
            ],
            "top": [
                3,
                4
            ]
        },
        "position": [
            0.09999999999999992,
            5.15,
            0.06
        ],
        "rotation": [
            0.7071067811865476,
            0.0,
            0.0,
            0.7071067811865475
        ],
        "shape": [
            0.30000000000000004,
            0.2,
            0.12
        ]
    },
    "2": {
        "depends_on": [],
        "id": 2,
        "neighbors": {
            "back": [
                5
            ],
            "bottom": [],
            "front": [
                1
            ],
            "left": [],
            "right": [
                17
            ],
            "top": []
        },
        "position": [
            0.29999999999999993,
            5.15,
            0.06
        ],
        "rotation": [
            0.7071067811865476,
            0.0,
            0.0,
            0.7071067811865475
        ],
        "shape": [
            0.30000000000000004,
            0.2,
            0.12
        ]
    },
    "3": {
        "depends_on": [
            1
        ],
        "id": 3,
        "neighbors": {
            "back": [],
            "bottom": [
                1
            ],
            "front": [],
            "left": [],
            "right": [],
            "top": []
        },
        "position": [
            0.14999999999999994,
            5.1,
            0.18
        ],
        "rotation": [
            1.0,
            0.0,
            0.0,
            -1.1102230246251565e-16
        ],
        "shape": [
            0.30000000000000004,
            0.2,
            0.12
        ]
    },
    "4": {
        "depends_on": [
            1
        ],
        "id": 4,
        "neighbors": {
            "back": [],
            "bottom": [
                1
            ],
            "front": [],
            "left": [],
            "right": [],
            "top": []
        },
        "position": [
            0.15,
            5.3,
            0.18
        ],
        "rotation": [
            1.0,
            0.0,
            0.0,
            -1.1102230246251565e-16
        ],
        "shape": [
            0.30000000000000004,
            0.2,
            0.12
        ]
    },
    "5": {
        "depends_on": [],
        "id": 5,
        "neighbors": {
            "back": [
                6
            ],
            "bottom": [],
            "front": [
                2
            ],
            "left": [],
            "right": [],
            "top": [
                10
            ]
        },
        "position": [
            0.5,
            5.2,
            0.06
        ],
        "rotation": [
            0.7071067811865475,
            0.0,
            0.0,
            0.7071067811865475
        ],
        "shape": [
            0.4,
            0.2,
            0.12
        ]
    },
    "6": {
        "depends_on": [],
        "id": 6,
        "neighbors": {
            "back": [
                7
            ],
            "bottom": [],
            "front": [
                5
            ],
            "left": [],
            "right": [],
            "top": [
                11
            ]
        },
        "position": [
            0.7000000000000001,
            5.2,
            0.06
        ],
        "rotation": [
            0.7071067811865475,
            0.0,
            0.0,
            0.7071067811865475
        ],
        "shape": [
            0.4,
            0.2,
            0.12
        ]
    },
    "7": {
        "depends_on": [],
        "id": 7,
        "neighbors": {
            "back": [
                8
            ],
            "bottom": [],
            "front": [
                6
            ],
            "left": [],
            "right": [],
            "top": [
                12
            ]
        },
        "position": [
            0.9,
            5.2,
            0.06
        ],
        "rotation": [
            0.7071067811865475,
            0.0,
            0.0,
            0.7071067811865475
        ],
        "shape": [
            0.4,
            0.2,
            0.12
        ]
    },
    "8": {
        "depends_on": [],
        "id": 8,
        "neighbors": {
            "back": [
                9
            ],
            "bottom": [],
            "front": [
                7
            ],
            "left": [],
            "right": [],
            "top": [
                13,
                14
            ]
        },
        "position": [
            1.1,
            5.2,
            0.06
        ],
        "rotation": [
            0.7071067811865475,
            0.0,
            0.0,
            0.7071067811865475
        ],
        "shape": [
            0.4,
            0.2,
            0.12
        ]
    },
    "9": {
        "depends_on": [],
        "id": 9,
        "neighbors": {
            "back": [],
            "bottom": [],
            "front": [
                8
            ],
            "left": [],
            "right": [],
            "top": [
                14
            ]
        },
        "position": [
            1.3000000000000003,
            5.2,
            0.06
        ],
        "rotation": [
            0.7071067811865475,
            0.0,
            0.0,
            0.7071067811865475
        ],
        "shape": [
            0.4,
            0.2,
            0.12
        ]
    },
    "10": {
        "depends_on": [
            5
        ],
        "id": 10,
        "neighbors": {
            "back": [
                11
            ],
            "bottom": [
                5
            ],
            "front": [],
            "left": [],
            "right": [],
            "top": []
        },
        "position": [
            0.6,
            5.2,
            0.18
        ],
        "rotation": [
            0.7071067811865475,
            0.0,
            0.0,
            0.7071067811865475
        ],
        "shape": [
            0.4,
            0.2,
            0.12
        ]
    },
    "11": {
        "depends_on": [
            6
        ],
        "id": 11,
        "neighbors": {
            "back": [
                12
            ],
            "bottom": [
                6
            ],
            "front": [
                10
            ],
            "left": [],
            "right": [],
            "top": []
        },
        "position": [
            0.7999999999999999,
            5.2,
            0.18
        ],
        "rotation": [
            0.7071067811865475,
            0.0,
            0.0,
            0.7071067811865475
        ],
        "shape": [
            0.4,
            0.2,
            0.12
        ]
    },
    "12": {
        "depends_on": [
            7
        ],
        "id": 12,
        "neighbors": {
            "back": [
                13,
                14
            ],
            "bottom": [
                7
            ],
            "front": [
                11
            ],
            "left": [],
            "right": [],
            "top": []
        },
        "position": [
            1.0,
            5.2,
            0.18
        ],
        "rotation": [
            0.7071067811865475,
            0.0,
            0.0,
            0.7071067811865475
        ],
        "shape": [
            0.4,
            0.2,
            0.12
        ]
    },
    "13": {
        "depends_on": [
            8
        ],
        "id": 13,
        "neighbors": {
            "back": [],
            "bottom": [
                8
            ],
            "front": [
                12,
                14
            ],
            "left": [],
            "right": [],